<?xml version="1.0" encoding="UTF-8"?>
<!DOCTYPE mapper
      PUBLIC "-//mybatis.org//DTD Mapper 3.0//EN"
   "http://mybatis.org/dtd/mybatis-3-mapper.dtd">

<mapper namespace="com.giggler.giggle.mj">
	
	<!-- 이메일 중복 확인하기 -->
	<select id="emailCheck" parameterType="String" resultType="Integer">
		<![CDATA[
		SELECT COUNT(*) FROM user WHERE user_email = #{user_email}
		]]>
	</select>

	<!-- 닉네임 중복 확인하기 -->
	<select id="nickCheck" parameterType="String" resultType="Integer">
		<![CDATA[
		SELECT COUNT(*) FROM user WHERE user_nick = #{user_nick}
		]]>
	</select>
	
	<!-- 회원 등록하기 -->
	<insert id="userRegister" parameterType="com.giggler.giggle.dto.UserDTO">
		<![CDATA[
		INSERT INTO user (user_email, user_pwd, user_nick, user_birth, user_phone, open_yn)
		VALUES (#{user_email},  #{user_pwd}, #{user_nick}, #{user_birth}, #{user_phone}, #{open_yn})
		]]>
	</insert>

	<!-- 이메일로 UserDTO 가져오기 -->
	<select id="getUserDTOByEmail" parameterType="String" resultType="com.giggler.giggle.dto.UserDTO">
		<![CDATA[
		SELECT * FROM user WHERE user_email = #{user_email}
		]]>
	</select>
	
	<!-- 네이버 토큰으로 userDTO 가져오기 -->
	<select id="naverLogin" parameterType="String" resultType="com.giggler.giggle.dto.UserDTO">
		<![CDATA[
		SELECT * FROM user WHERE naver_token = #{naver_token}
		]]>
	</select>
	
	<!-- 회원 번호로 AlarmDTO List 가져오기 -->
	<select id="getAlarmListByUserNo" parameterType="Integer" resultType="com.giggler.giggle.dto.AlarmDTO">
		<![CDATA[
		SELECT u2.user_nick alarm_user_nick, a.alarm_no, a.user_no, a.alarm_type, a.alarm_date, a.read_yn
		FROM alarm a, user u1, user u2
		WHERE a.user_no = u1.user_no
		AND a.alarm_user = u2.user_no
		AND a.user_no = #{user_no}
		ORDER BY a.alarm_date
		]]>	
	</select>
</mapper>   





